Category,Satisfaction Score Prompt 1,Satisfaction Score Prompt 2
Education,7.249345867663063,9.448944897741537
Kids Short Story,4.7300059362681885,5.389843549745748
Science Experiments,6.732644985055087,7.159358538618446
Vlog,8.446756692254484,11.123814092382565
